84,X,0.87,0.9,1.6,0.03,0.688,0.001,-999999,-999999,spectra/inner/klio/000084_vis.tab
142,B,-0.9,0.02,-1,-1,-1,-1,-999999,-999999,spectra/inner/polana/000142_vis.tab
225,B,-5.62,1.25,-1,-1,-1,-1,0.4979,0.001,spectra/cybele/000225_vis.tab
229,Xc,3.06,0.92,-1,-1,-1,-1,0.5242,0.0007,spectra/cybele/000229_vis.tab
302,C,0.7,0.8,-1,-1,-1,-1,-999999,-999999,spectra/inner/clarissa/000302_vis.tab
313,Cgh,0.75,0.9,2.4,0.02,0.7094,0.0003,-999999,-999999,spectra/inner/chaldaea/000313_vis.tab
329,C,1.49,0.9,-1,-1,-1,-1,-999999,-999999,spectra/inner/svea/000329_vis.tab
334,Xc,2.87,1.23,-1,-1,-1,-1,0.5251,0.0011,spectra/hilda/000334_vis.tab
401,Cb,4.01,1.26,-1,-1,-1,-1,-1,-1,spectra/cybele/000401_vis.tab
495,Cb,0.61,0.02,-1,-1,-1,-1,-999999,-999999,spectra/inner/polana/000495_vis.tab
528,Cb,1.89,0.92,-1,-1,-1,-1,-1,-1,spectra/cybele/000528_vis.tab
561,Ch,0.3,0.02,-1,-1,-1,-1,0.5219,0.0029,spectra/outer/themis/000561_vis.tab
623,Xc,2.54,0.9,1.32,0.02,0.7231,0.0005,-999999,-999999,spectra/inner/chimaera/000623_vis.tab
752,X,2.6,0.8,1.65,0.01,0.7254,0.0006,-999999,-999999,spectra/inner/sulamitis/000752_vis.tab
752,X,1.6,0.8,2.04,0.19,0.739,0.005,-999999,-999999,spectra/inner/sulamitis/000752_vis.tab
790,X,2.77,0.42,-1,-1,-1,-1,-1,-1,spectra/cybele/000790_vis.tab
909,X,2.99,1.23,-1,-1,-1,-1,-1,-1,spectra/cybele/000909_vis.tab
940,Cgh,1.96,0.53,1.81,0.01,0.7004,0.0004,0.516,0.0006,spectra/cybele/000940_vis.tab
1144,D,11.85,0.6,-1,-1,-1,-1,-1,-1,spectra/hilda/001144_vis.tab
1177,X,2.89,0.92,-1,-1,-1,-1,-1,-1,spectra/cybele/001177_vis.tab
1183,Ch,0.31,0.09,-1,-1,-1,-1,-999999,-999999,spectra/inner/polana/001183_vis.tab
1209,X,2.81,0.02,-1,-1,-1,-1,-1,-1,spectra/outer/hygiea/001209_vis.tab
1269,D,9.08,0.53,-1,-1,-1,-1,-1,-1,spectra/hilda/001269_vis.tab
1280,C,1.55,0.42,-1,-1,-1,-1,0.5339,0.001,spectra/cybele/001280_vis.tab
1386,Cgh,1.38,0.9,3.67,0.03,0.7089,0.0006,-999999,-999999,spectra/inner/chaldaea/001386_vis.tab
1439,X,3.33,0.93,-1,-1,-1,-1,-1,-1,spectra/hilda/001439_vis.tab
1674,C,2.06,0.03,-1,-1,-1,-1,-1,-1,spectra/outer/themis/001674_vis.tab
1768,B,-0.96,0.04,-1,-1,-1,-1,-999999,-999999,spectra/inner/polana/001768_vis.tab
1782,B,-2.66,0.02,-1,-1,-1,-1,0.5013,0.0016,spectra/outer/themis/001782_vis.tab
1902,X,2.76,0.92,-1,-1,-1,-1,-1,-1,spectra/hilda/001902_vis.tab
1923,X,3.7,0.8,-1,-1,-1,-1,-999999,-999999,spectra/inner/sulamitis/001923_vis.tab
2081,Ch,0.6,0.12,-1,-1,-1,-1,-999999,-999999,spectra/inner/polana/002081_vis.tab
2279,B,-1.25,0.02,-1,-1,-1,-1,-999999,-999999,spectra/inner/polana/002279_vis.tab
2534,C,1.34,0.03,-1,-1,-1,-1,0.5241,0.0042,spectra/outer/themis/002534_vis.tab
2563,B,-3.9,0.02,2.994,0.075,0.6804,0.0028,-1,-1,spectra/outer/themis/002563_vis.tab
2642,D,8.56,0.9,-1,-1,-1,-1,-999999,-999999,spectra/inner/chimaera/002642_vis.tab
2794,D,7.62,0.9,-1,-1,-1,-1,-999999,-999999,spectra/inner/klio/002794_vis.tab
2918,B,-2.23,0.02,1.444,0.055,0.6963,0.0044,0.4977,0.0012,spectra/outer/themis/002918_vis.tab
3130,Ch,0.04,0.11,-1,-1,-1,-1,-999999,-999999,spectra/inner/polana/003130_vis.tab
3146,X,3.3,0.9,-1,-1,-1,-1,-999999,-999999,spectra/inner/klio/003146_vis.tab
3185,C,1.47,0.12,-1,-1,-1,-1,-999999,-999999,spectra/inner/polana/003185_vis.tab
3202,D,13.63,0.56,-1,-1,-1,-1,-1,-1,spectra/hilda/003202_vis.tab
3298,Ch,0.47,0.18,-1,-1,-1,-1,-999999,-999999,spectra/inner/polana/003298_vis.tab
3330,T,-999999,-999999,-999999,-999999,-999999,-999999,0.511,0.001,spectra/outer/lixiaohua/003330_vis_b.tab
3330,T,4.57,0.7,-1,-1,-1,-1,-999999,-999999,spectra/outer/lixiaohua/003330_vis_r.tab
3485,Cb,-0.1,0.09,-1,-1,-1,-1,-999999,-999999,spectra/inner/polana/003485_vis.tab
3556,T,-999999,-999999,-999999,-999999,-999999,-999999,-1,-1,spectra/outer/lixiaohua/003556_vis_b.tab
3556,T,6.11,0.65,-1,-1,-1,-1,-999999,-999999,spectra/outer/lixiaohua/003556_vis_r.tab
3577,D,9.33,0.53,-1,-1,-1,-1,-1,-1,spectra/hilda/003577_vis.tab
3626,B,-1.47,0.03,-1,-1,-1,-1,0.5212,0.003,spectra/outer/hygiea/003626_vis.tab
3843,X,5.04,1.25,-1,-1,-1,-1,-1,-1,spectra/hilda/003843_vis.tab
4173,Ch,0.01,0.21,-1,-1,-1,-1,-999999,-999999,spectra/inner/polana/004173_vis.tab
4648,Cb,1.07,0.9,-1,-1,-1,-1,-999999,-999999,spectra/inner/klio/004648_vis.tab
5116,Cgh,2.93,0.02,-1,-1,-1,-1,0.5297,0.0012,spectra/outer/hygiea/005116_vis.tab
5158,B,-1.05,0.1,-1,-1,-1,-1,-999999,-999999,spectra/inner/polana/005158_vis.tab
5327,Ch,0.05,0.9,2.39,0.04,0.6995,0.0015,-999999,-999999,spectra/inner/klio/005327_vis.tab
5333,Ch,-0.06,0.9,2.23,0.04,0.714,0.001,-999999,-999999,spectra/inner/chaldaea/005333_vis.tab
5429,B,-3.85,0.06,-1,-1,-1,-1,-1,-1,spectra/outer/themis/005429_vis.tab
5594,Ch,1.38,0.05,-1,-1,-1,-1,0.5558,0.002,spectra/outer/veritas/005594_vis.tab
5771,X,-999999,-999999,-999999,-999999,-999999,-999999,0.5072,0.0009,spectra/outer/lixiaohua/005771_vis_b.tab
5771,X,2.77,0.71,-1,-1,-1,-1,-999999,-999999,spectra/outer/lixiaohua/005771_vis_r.tab
5794,B,-6.22,0.07,-1,-1,-1,-1,-1,-1,spectra/outer/hygiea/005794_vis.tab
5900,T,6.64,0.85,-1,-1,-1,-1,-999999,-999999,spectra/outer/lixiaohua/005900_vis_r.tab
6039,D,9.69,0.54,-1,-1,-1,-1,-1,-1,spectra/cybele/006039_vis.tab
6142,B,-1.26,0.36,-1,-1,-1,-1,-999999,-999999,spectra/inner/polana/006142_vis.tab
6343,C,2.36,0.04,-1,-1,-1,-1,0.5258,0.0013,spectra/outer/veritas/006343_vis.tab
6374,Ch,0.79,0.03,2.99,0.117,0.7023,0.0044,0.5201,0.0018,spectra/outer/veritas/006374_vis.tab
6415,B,-1.05,0.02,-1,-1,-1,-1,0.5125,0.0021,spectra/outer/hygiea/006415_vis.tab
6578,Cgh,2.68,0.26,-1,-1,-1,-1,-999999,-999999,spectra/inner/polana/006578_vis.tab
6661,B,-1.3,0.11,-1,-1,-1,-1,-999999,-999999,spectra/inner/polana/006661_vis.tab
6698,C,0.12,0.19,-1,-1,-1,-1,-999999,-999999,spectra/inner/polana/006698_1_vis.tab
6698,C,0.47,0.16,-1,-1,-1,-1,-999999,-999999,spectra/inner/polana/006698_2_vis.tab
6769,Cgh,2.01,0.58,-1,-1,-1,-1,-999999,-999999,spectra/inner/polana/006769_vis.tab
6806,X,3.5,0.8,1.52,0.02,0.7202,0.0005,-999999,-999999,spectra/inner/sulamitis/006806_vis.tab
6815,O,-2.74,0.23,-1,-1,-1,-1,-999999,-999999,spectra/inner/polana/006815_vis.tab
6840,Cb,0.31,0.2,-1,-1,-1,-1,-999999,-999999,spectra/inner/polana/006840_vis.tab
6857,Cb,1.57,0.9,-1,-1,-1,-1,-999999,-999999,spectra/inner/klio/006857_vis.tab
7030,A,-999999,-999999,-1,-1,-1,-1,-999999,-999999,spectra/inner/chaldaea/007030_vis.tab
7078,Cb,0.48,0.16,-1,-1,-1,-1,-999999,-999999,spectra/inner/polana/007078_vis.tab
7231,C,2.26,0.04,3.35,0.13,0.7086,0.0032,0.5222,0.0017,spectra/outer/veritas/007231_vis.tab
7274,Cgh,0.96,0.9,2.55,0.02,0.7138,0.0008,-999999,-999999,spectra/inner/klio/007274_vis.tab
7394,D,7.67,0.45,-1,-1,-1,-1,-1,-1,spectra/hilda/007394_vis.tab
8032,Xc,3.36,0.9,3.91,0.16,0.681,0.005,-999999,-999999,spectra/inner/klio/008032_vis.tab
8091,X,4.22,0.9,-1,-1,-1,-1,-999999,-999999,spectra/inner/klio/008091_vis.tab
8106,Cb,1.05,0.9,1.67,0.03,0.7117,0.0008,-999999,-999999,spectra/inner/chaldaea/008106_vis.tab
9052,Cb,0.39,0.16,-1,-1,-1,-1,-999999,-999999,spectra/inner/polana/009052_vis.tab
9476,Cgh,0.7,0.8,3.94,0.1,0.736,0.001,-999999,-999999,spectra/inner/sulamitis/009476_vis.tab
9792,B,-2.31,0.9,2.84,0.04,0.7112,0.0008,-999999,-999999,spectra/inner/klio/009792_vis.tab
9860,B,-1.46,0.03,3.32,0.12,0.7028,0.0028,0.503,0.0012,spectra/outer/veritas/009860_vis.tab
10866,Ch,0.24,0.26,-1,-1,-1,-1,-999999,-999999,spectra/inner/polana/010866_vis.tab
10979,Xk,1.4,0.8,-1,-1,-1,-1,-999999,-999999,spectra/inner/sulamitis/010979_vis.tab
10992,Cgh,0.95,0.63,1.8,0.14,0.7074,0.0037,-999999,-999999,spectra/inner/erigone/010992_vis.tab
11214,Cgh,0.87,0.9,2.52,0.07,0.7176,0.0012,-999999,-999999,spectra/inner/klio/011214_vis.tab
11856,X,4.94,0.71,-1,-1,-1,-1,-999999,-999999,spectra/inner/erigone/011856_vis.tab
12051,Cb,1.25,0.9,-1,-1,-1,-1,-999999,-999999,spectra/inner/klio/012051_vis.tab
12072,Cgh,1.4,0.8,2.87,0.1,0.7335,0.0024,-999999,-999999,spectra/inner/sulamitis/012072_vis.tab
12421,Cgh,0.8,0.8,1.33,0.03,0.7292,0.0009,-999999,-999999,spectra/inner/sulamitis/012421_vis.tab
13509,X,2.2,0.8,-1,-1,-1,-1,-999999,-999999,spectra/inner/sulamitis/013509_vis.tab
13537,Ch,0.3,0.04,1.74,0.15,0.7159,0.0049,0.5284,0.0019,spectra/outer/veritas/013537_vis.tab
14264,Ch,1.58,0.03,2.78,0.1,0.7056,0.0023,0.5277,0.0007,spectra/outer/veritas/014264_vis.tab
14530,Cb,0.72,0.9,-1,-1,-1,-1,-999999,-999999,spectra/inner/klio/014530_vis.tab
14849,Cgh,3.74,0.79,-1,-1,-1,-1,-999999,-999999,spectra/inner/polana/014849_vis.tab
15134,B,-1.69,0.05,-1,-1,-1,-1,-1,-1,spectra/outer/hygiea/015134_vis.tab
15202,Cgh,0.69,0.9,2.38,0.06,0.7,0.003,-999999,-999999,spectra/inner/klio/015202_vis.tab
15561,Cb,1.38,0.9,-1,-1,-1,-1,-999999,-999999,spectra/inner/klio/015561_vis.tab
15794,Cb,1.68,0.33,-1,-1,-1,-1,-999999,-999999,spectra/inner/polana/015794_vis.tab
16090,Cgh,1.5,0.8,2.18,0.08,0.7079,0.0009,-999999,-999999,spectra/inner/sulamitis/016090_vis.tab
17230,C,-999999,-999999,-999999,-999999,-999999,-999999,-1,-1,spectra/outer/lixiaohua/017230_vis_b.tab
17230,C,2.58,0.61,-1,-1,-1,-1,-999999,-999999,spectra/outer/lixiaohua/017230_vis_r.tab
17233,Cb,0.69,0.9,-1,-1,-1,-1,-999999,-999999,spectra/inner/klio/017233_vis.tab
18075,X,3.2,0.8,-1,-1,-1,-1,-999999,-999999,spectra/inner/sulamitis/018075_vis.tab
18483,Ch,1.86,0.9,-1,-1,-1,-1,-999999,-999999,spectra/outer/lixiaohua/018483_vis_r.tab
19415,C,-0.56,0.66,-1,-1,-1,-1,-999999,-999999,spectra/inner/erigone/019415_vis.tab
20432,Cb,0.57,0.9,0.97,0.03,0.671,0.002,-999999,-999999,spectra/inner/klio/020432_vis.tab
20843,C,0.18,0.04,-1,-1,-1,-1,-999999,-999999,spectra/inner/polana/020843_vis.tab
20992,Xk,-0.17,0.64,-1,-1,-1,-1,-999999,-999999,spectra/inner/erigone/020992_vis.tab
21176,B,-1.38,0.04,-1,-1,-1,-1,-999999,-999999,spectra/inner/polana/021176_vis.tab
23270,Ch,-0.86,0.07,-1,-1,-1,-1,-999999,-999999,spectra/inner/polana/023270_vis.tab
23397,Ch,1.95,0.65,4.43,0.22,0.6957,0.0078,-999999,-999999,spectra/inner/erigone/023397_vis.tab
23916,Ch,0.3,0.02,3.15,0.1,0.7119,0.0021,0.5143,0.0007,spectra/outer/hygiea/023916_vis.tab
24048,Cg,-0.9,0.9,-1,-1,-1,-1,-999999,-999999,spectra/inner/chimaera/024048_vis.tab
24322,X,3.8,0.8,1.95,0.07,0.7008,0.0014,-999999,-999999,spectra/inner/sulamitis/024322_vis.tab
24358,Cb,1.12,0.02,2.36,0.1,0.7058,0.0034,0.5013,0.0022,spectra/outer/hygiea/024358_vis.tab
24638,Ch,0.14,0.03,4.04,0.1,0.6992,0.0021,0.5228,0.0011,spectra/outer/veritas/024638_vis.tab
24650,C,0.05,0.03,-1,-1,-1,-1,-999999,-999999,spectra/inner/polana/024650_vis.tab
24726,X,2.8,0.8,1.98,0.02,0.7012,0.0006,-999999,-999999,spectra/inner/sulamitis/024726_vis.tab
24907,X,3.5,0.8,-1,-1,-1,-1,-999999,-999999,spectra/inner/sulamitis/024907_vis.tab
24956,B,-1.48,0.03,-1,-1,-1,-1,0.4967,0.002,spectra/outer/hygiea/024956_vis.tab
25036,X,3.2,0.8,1.76,0.07,0.7,0.0011,-999999,-999999,spectra/inner/sulamitis/025036_vis.tab
25381,X,2.16,0.63,-1,-1,-1,-1,-999999,-999999,spectra/inner/erigone/025381_vis.tab
25490,Cgh,1.87,0.23,-1,-1,-1,-1,-999999,-999999,spectra/inner/polana/025490_vis.tab
25829,Ch,0.3,0.03,-1,-1,-1,-1,0.5175,0.0021,spectra/outer/hygiea/025829_vis.tab
25932,D,-999999,-999999,-999999,-999999,-999999,-999999,-1,-1,spectra/outer/lixiaohua/025932_vis_b.tab
25932,D,11,0.85,-1,-1,-1,-1,-999999,-999999,spectra/outer/lixiaohua/025932_vis_r.tab
26121,Cgh,1.2,0.9,3.17,0.05,0.7299,0.0012,-999999,-999999,spectra/inner/chaldaea/026121_vis.tab
26394,T,6,0.8,2.73,0.05,0.7079,0.0011,-999999,-999999,spectra/inner/sulamitis/026394_vis.tab
26516,L,6.79,1.29,-1,-1,-1,-1,-999999,-999999,spectra/outer/lixiaohua/026516_vis_r.tab
26719,Xc,4.15,0.03,-1,-1,-1,-1,-1,-1,spectra/outer/hygiea/026719_vis.tab
26807,T,5.6,0.8,-1,-1,-1,-1,-999999,-999999,spectra/inner/sulamitis/026807_vis.tab
27354,C,0.65,0.03,-1,-1,-1,-1,-999999,-999999,spectra/inner/polana/027354_vis.tab
27506,Cgh,1.7,0.8,3.29,0.04,0.7201,0.0004,-999999,-999999,spectra/inner/sulamitis/027506_vis.tab
27715,X,3.44,0.9,-1,-1,-1,-1,-999999,-999999,spectra/inner/klio/027715_vis.tab
28894,Cgh,1.9,0.8,3.37,0.08,0.6864,0.0018,-999999,-999999,spectra/inner/sulamitis/028894_vis.tab
29623,Xc,2.61,0.9,-1,-1,-1,-1,-999999,-999999,spectra/inner/chaldaea/029623_vis.tab
29626,Cb,2.2,0.02,-1,-1,-1,-1,-999999,-999999,spectra/inner/polana/029626_vis.tab
30043,B,-0.33,0.08,-1,-1,-1,-1,-999999,-999999,spectra/inner/polana/030043_vis.tab
32061,Xk,2,0.9,-1,-1,-1,-1,-999999,-999999,spectra/inner/klio/032061_vis.tab
32847,C,1.22,0.11,-1,-1,-1,-1,-999999,-999999,spectra/inner/polana/032847_vis.tab
33804,Ch,0,0.17,-1,-1,-1,-1,-999999,-999999,spectra/inner/polana/033804_vis.tab
33913,Ch,0.1,0.9,3.88,0.07,0.7176,0.0011,-999999,-999999,spectra/inner/chaldaea/033913_vis.tab
34228,Xk,2.26,0.65,-1,-1,-1,-1,-999999,-999999,spectra/outer/lixiaohua/034228_vis_r.tab
34326,Ch,0.7,0.11,-1,-1,-1,-1,-999999,-999999,spectra/inner/polana/034326_vis.tab
34339,T,5.66,0.97,-1,-1,-1,-1,-999999,-999999,spectra/outer/lixiaohua/034339_vis_r.tab
34487,Cb,2.07,0.9,2.99,0.03,0.687,0.001,-999999,-999999,spectra/inner/chaldaea/034487_vis.tab
34857,Cb,1.09,0.9,-1,-1,-1,-1,-999999,-999999,spectra/inner/klio/034857_vis.tab
34923,X,2.5,0.8,1.78,0.04,0.6984,0.001,-999999,-999999,spectra/inner/sulamitis/034923_vis.tab
35358,Ch,-0.44,0.9,-1,-1,-1,-1,-999999,-999999,spectra/inner/chaldaea/035358_vis.tab
35627,T,8.37,0.48,-1,-1,-1,-1,-999999,-999999,spectra/outer/lixiaohua/035627_vis_r.tab
36286,C,-0.1,0.8,-1,-1,-1,-1,-999999,-999999,spectra/inner/clarissa/036286_vis.tab
36465,C,0.7,0.06,-1,-1,-1,-1,-999999,-999999,spectra/inner/polana/036465_1_vis.tab
36465,X,3.85,0.53,-1,-1,-1,-1,-999999,-999999,spectra/inner/polana/036465_2_vis.tab
36469,Cb,1.12,0.06,-1,-1,-1,-1,-999999,-999999,spectra/inner/polana/036469_vis.tab
37233,Cb,1.73,0.9,-1,-1,-1,-1,-999999,-999999,spectra/inner/klio/037233_vis.tab
37354,X,2.25,0.45,-1,-1,-1,-1,-999999,-999999,spectra/inner/polana/037354_vis.tab
37437,Xc,3.65,0.76,-1,-1,-1,-1,-999999,-999999,spectra/inner/erigone/037437_vis.tab
38173,X,4.9,0.7,4.32,0.28,0.7149,0.006,-999999,-999999,spectra/inner/erigone/038173_vis.tab
39094,C,0.89,0.92,-1,-1,-1,-1,-999999,-999999,spectra/outer/lixiaohua/039094_vis_r.tab
39694,B,-0.77,0.65,2.23,0.3,0.6887,0.0098,-999999,-999999,spectra/inner/erigone/039694_vis.tab
39888,B,-1,0.08,-1,-1,-1,-1,-999999,-999999,spectra/inner/polana/039888_vis.tab
39955,X,2,0.8,1.61,0.04,0.7274,0.0011,-999999,-999999,spectra/inner/sulamitis/039955_vis.tab
40976,C,-1.49,0.67,-999999,-999999,-999999,-999999,0.5157,0.0067,spectra/outer/lixiaohua/040976_vis_b.tab
40976,C,-1.49,0.67,-1,-1,-1,-1,-999999,-999999,spectra/outer/lixiaohua/040976_vis_r.tab
41525,Ch,-0.14,0.22,-1,-1,-1,-1,-999999,-999999,spectra/inner/polana/041525_vis.tab
41746,B,-1.5,0.8,-1,-1,-1,-1,-999999,-999999,spectra/inner/clarissa/041746_vis.tab
42006,X,6.08,0.74,-1,-1,-1,-1,-999999,-999999,spectra/inner/polana/042006_vis.tab
42089,D,10.73,1.33,-1,-1,-1,-1,-999999,-999999,spectra/outer/lixiaohua/042089_vis_r.tab
42155,Cgh,1.07,0.61,1.34,0.08,0.6961,0.0035,-999999,-999999,spectra/inner/erigone/042155_vis.tab
42431,Cb,2.22,0.9,4.74,0.19,0.721,0.003,-999999,-999999,spectra/inner/chimaera/042431_vis.tab
42552,Cgh,1.33,0.62,2.26,0.1,0.7107,0.0033,-999999,-999999,spectra/inner/erigone/042552_vis.tab
42781,B,-1.12,0.9,-1,-1,-1,-1,-999999,-999999,spectra/inner/klio/042781_vis.tab
43152,T,-999999,-999999,-999999,-999999,-999999,-999999,-1,-1,spectra/outer/lixiaohua/043152_vis_b.tab
43152,T,5.8,0.82,-1,-1,-1,-1,-999999,-999999,spectra/outer/lixiaohua/043152_vis_r.tab
43346,Cb,1.07,0.9,-1,-1,-1,-1,-999999,-999999,spectra/inner/klio/043346_vis.tab
44463,X,-999999,-999999,-999999,-999999,-999999,-999999,-1,-1,spectra/outer/lixiaohua/044463_vis_b.tab
44463,X,4.82,0.81,-1,-1,-1,-1,-999999,-999999,spectra/outer/lixiaohua/044463_vis_r.tab
44766,Cgh,1.29,0.61,1.48,0.08,0.7054,0.0033,-999999,-999999,spectra/inner/erigone/044766_vis.tab
44773,T,5.3,0.8,-1,-1,-1,-1,-999999,-999999,spectra/inner/sulamitis/044773_vis.tab
44942,X,4.1,0.63,2.69,0.16,0.7089,0.0081,-999999,-999999,spectra/inner/erigone/044942_vis.tab
45357,Cgh,1.75,0.62,2.76,0.11,0.6913,0.0068,-999999,-999999,spectra/inner/erigone/045357_vis.tab
45378,Cgh,2.72,0.02,1.57,0.08,0.7032,0.0025,0.5241,0.0009,spectra/outer/veritas/045378_vis.tab
45846,Ch,0.59,0.22,-1,-1,-1,-1,-999999,-999999,spectra/inner/polana/045846_vis.tab
45892,X,4.32,0.9,1.74,0.08,0.7011,0.0011,-999999,-999999,spectra/inner/chimaera/045892_vis.tab
48153,Xc,0.95,0.78,-999999,-999999,-999999,-999999,0.5676,0.0053,spectra/outer/lixiaohua/048153_vis_b.tab
49731,X,2.85,0.62,-1,-1,-1,-1,-999999,-999999,spectra/inner/erigone/049731_vis.tab
49833,Cb,0.28,0.15,-1,-1,-1,-1,-999999,-999999,spectra/inner/polana/049833_vis.tab
49859,Cgh,2.15,0.61,1.83,0.08,0.6936,0.0032,-999999,-999999,spectra/inner/erigone/049859_vis.tab
50239,T,5.4,0.8,2.29,0.04,0.7331,0.0006,-999999,-999999,spectra/inner/sulamitis/050239_vis.tab
52870,T,5.99,0.77,-1,-1,-1,-1,-999999,-999999,spectra/inner/erigone/052870_vis.tab
52891,B,-2.13,0.64,-1,-1,-1,-1,-999999,-999999,spectra/inner/erigone/052891_vis.tab
52951,Xe,3.16,0.9,-1,-1,-1,-1,-999999,-999999,spectra/inner/klio/052951_vis.tab
53103,C,-0.1,0.8,-1,-1,-1,-1,-999999,-999999,spectra/inner/sulamitis/053103_vis.tab
53170,Ch,-0.51,0.04,-1,-1,-1,-1,-999999,-999999,spectra/inner/polana/053170_vis.tab
53918,B,-1.21,0.11,-1,-1,-1,-1,-999999,-999999,spectra/inner/polana/053918_vis.tab
54286,Xe,4.09,0.57,-1,-1,-1,-1,-999999,-999999,spectra/outer/lixiaohua/054286_vis_r.tab
55454,Ch,-0.76,0.9,-1,-1,-1,-1,-999999,-999999,spectra/inner/klio/055454_vis.tab
56349,B,-0.85,0.87,-1,-1,-1,-1,-999999,-999999,spectra/inner/erigone/056349_vis.tab
56600,B,-3.62,0.9,-1,-1,-1,-1,-999999,-999999,spectra/inner/klio/056600_vis.tab
56970,Xe,4.48,1.02,-1,-1,-1,-1,-999999,-999999,spectra/outer/lixiaohua/056970_vis_r.tab
57068,B,-0.78,0.05,-1,-1,-1,-1,-999999,-999999,spectra/inner/polana/057068_vis.tab
57400,Cgh,2.1,0.8,5.93,0.2,0.7422,0.002,-999999,-999999,spectra/inner/sulamitis/057400_vis.tab
57442,C,0.1,0.8,-1,-1,-1,-1,-999999,-999999,spectra/inner/sulamitis/057442_vis.tab
57473,X,2.1,0.8,-1,-1,-1,-1,-999999,-999999,spectra/inner/sulamitis/057473_vis.tab
58240,Ch,0.1,0.8,2.76,0.04,0.7144,0.0007,-999999,-999999,spectra/inner/sulamitis/058240_vis.tab
59065,C,1.6,0.8,-1,-1,-1,-1,-999999,-999999,spectra/inner/sulamitis/059065_vis.tab
59317,B,-0.27,0.22,-1,-1,-1,-1,-999999,-999999,spectra/inner/polana/059317_vis.tab
59322,Cg,1.52,0.12,-1,-1,-1,-1,-999999,-999999,spectra/inner/polana/059322_vis.tab
59397,Cg,1.51,0.14,-1,-1,-1,-1,-999999,-999999,spectra/inner/polana/059397_vis.tab
60571,B,-1.75,0.11,-1,-1,-1,-1,-999999,-999999,spectra/inner/polana/060571_vis.tab
60852,C,0.7,0.8,-1,-1,-1,-1,-999999,-999999,spectra/inner/sulamitis/060852_vis.tab
61309,Ch,0.05,0.9,-1,-1,-1,-1,-999999,-999999,spectra/inner/chimaera/061309_vis.tab
61500,C,0.86,0.33,-1,-1,-1,-1,-999999,-999999,spectra/inner/polana/061500_vis.tab
61560,Cgh,2.85,0.46,-1,-1,-1,-1,-999999,-999999,spectra/inner/polana/061560_vis.tab
63312,X,-999999,-999999,-999999,-999999,-999999,-999999,-1,-1,spectra/outer/lixiaohua/063312_vis_b.tab
63312,X,3.08,0.65,-1,-1,-1,-1,-999999,-999999,spectra/outer/lixiaohua/063312_vis_r.tab
65264,X,-999999,-999999,-999999,-999999,-999999,-999999,-1,-1,spectra/outer/lixiaohua/065264_vis_b.tab
65264,X,2.49,0.43,-1,-1,-1,-1,-999999,-999999,spectra/outer/lixiaohua/065264_vis_r.tab
65354,Xc,1.78,0.66,-1,-1,-1,-1,-999999,-999999,spectra/inner/erigone/065354_vis.tab
66062,T,5.48,1.27,-1,-1,-1,-1,-999999,-999999,spectra/outer/lixiaohua/066062_vis_r.tab
66325,Xc,3.13,0.62,-1,-1,-1,-1,-999999,-999999,spectra/inner/erigone/066325_vis.tab
66333,B,-1.53,0.08,-1,-1,-1,-1,-999999,-999999,spectra/inner/polana/066333_vis.tab
66403,Ch,1.87,0.61,2,0.07,0.7023,0.003,-999999,-999999,spectra/inner/erigone/066403_vis.tab
66421,X,2.7,0.8,1.34,0.05,0.7304,0.0023,-999999,-999999,spectra/inner/sulamitis/066421_vis.tab
67352,Q,0.29,0.1,-1,-1,-1,-1,-999999,-999999,spectra/inner/polana/067352_vis.tab
67586,X,4.6,0.8,-1,-1,-1,-1,-999999,-999999,spectra/inner/sulamitis/067586_vis.tab
67891,Ch,1.83,0.63,1.75,0.2,0.7348,0.0075,-999999,-999999,spectra/inner/erigone/067891_vis.tab
67918,Ch,0.05,0.61,2.2,0.08,0.7052,0.0032,-999999,-999999,spectra/inner/erigone/067918_vis.tab
67940,Ch,1.11,0.62,1.25,0.11,0.7149,0.0053,-999999,-999999,spectra/inner/erigone/067940_vis.tab
68114,Cgh,1.63,0.61,1.29,0.07,0.7153,0.0033,-999999,-999999,spectra/inner/erigone/068114_vis.tab
68490,Xk,0.87,0.9,-1,-1,-1,-1,-999999,-999999,spectra/inner/klio/068490_vis.tab
68685,Xc,2.18,0.74,-1,-1,-1,-1,-999999,-999999,spectra/inner/erigone/068685_vis.tab
69266,X,3.07,0.61,-1,-1,-1,-1,-999999,-999999,spectra/inner/erigone/069266_vis.tab
69679,X,2,0.8,-1,-1,-1,-1,-999999,-999999,spectra/inner/sulamitis/069679_vis.tab
70312,B,-0.74,0.62,2,0.1,0.6996,0.0035,-999999,-999999,spectra/inner/erigone/070312_vis.tab
70361,Ch,0.63,0.61,1.96,0.08,0.7049,0.0032,-999999,-999999,spectra/inner/erigone/070361_vis.tab
70427,X,2.65,0.61,1.39,0.14,0.689,0.0068,-999999,-999999,spectra/inner/erigone/070427_vis.tab
71655,Cb,1.53,1.24,-1,-1,-1,-1,-999999,-999999,spectra/outer/lixiaohua/071655_vis_r.tab
71932,Cgh,1.18,0.62,1.74,0.12,0.7199,0.0048,-999999,-999999,spectra/inner/erigone/071932_vis.tab
71966,Cb,2.15,0.9,2.79,0.09,0.71,0.003,-999999,-999999,spectra/inner/chimaera/071966_vis.tab
72047,Ch,1.16,0.62,1.79,0.16,0.7125,0.0052,-999999,-999999,spectra/inner/erigone/072047_vis.tab
72143,Cb,0.96,0.68,-1,-1,-1,-1,-999999,-999999,spectra/inner/erigone/072143_vis.tab
72169,X,1.3,0.8,2.15,0.1,0.7229,0.001,-999999,-999999,spectra/inner/sulamitis/072169_vis.tab
72230,B,-1.2,0.78,-1,-1,-1,-1,-999999,-999999,spectra/inner/erigone/072230_vis.tab
72292,Xk,4.63,0.74,-1,-1,-1,-1,-999999,-999999,spectra/inner/erigone/072292_vis.tab
72308,Ch,1.34,0.61,1.76,0.06,0.705,0.0032,-999999,-999999,spectra/inner/erigone/072308_vis.tab
72384,Ch,1.63,0.61,1.64,0.07,0.7018,0.0033,-999999,-999999,spectra/inner/erigone/072384_vis.tab
72941,X,2.92,0.66,3.24,0.2,0.738,0.0102,-999999,-999999,spectra/inner/erigone/072941_vis.tab
73205,X,-0.5,0.8,3.6,0.1,0.7307,0.0015,-999999,-999999,spectra/inner/sulamitis/073205_vis.tab
73860,Cgh,1.81,0.61,2.49,0.12,0.723,0.0065,-999999,-999999,spectra/inner/erigone/073860_vis.tab
74755,Cgh,0.71,0.62,2.34,0.16,0.7118,0.005,-999999,-999999,spectra/inner/erigone/074755_vis.tab
74962,Ch,1.5,0.67,4.02,0.23,0.6922,0.0047,-999999,-999999,spectra/inner/erigone/074962_vis.tab
75089,Cgh,1.65,0.68,4.15,0.37,0.72,0.0108,-999999,-999999,spectra/inner/erigone/075089_vis.tab
76922,Xk,5.06,0.78,-1,-1,-1,-1,-999999,-999999,spectra/inner/erigone/076922_vis.tab
77278,Cgh,0.5,0.8,2.74,0.04,0.7205,0.0006,-999999,-999999,spectra/inner/sulamitis/077278_vis.tab
77421,Xk,1.78,0.65,-1,-1,-1,-1,-999999,-999999,spectra/inner/erigone/077421_vis.tab
77495,Xk,-999999,-999999,-999999,-999999,-999999,-999999,-1,-1,spectra/outer/lixiaohua/077495_vis_b.tab
77495,Xk,1.95,0.86,-1,-1,-1,-1,-999999,-999999,spectra/outer/lixiaohua/077495_vis_r.tab
78069,Xk,2.51,0.76,-1,-1,-1,-1,-999999,-999999,spectra/inner/erigone/078069_vis.tab
78826,Xc,2.22,0.61,-1,-1,-1,-1,-999999,-999999,spectra/inner/erigone/078826_vis.tab
78889,T,3.62,0.66,-1,-1,-1,-1,-999999,-999999,spectra/inner/erigone/078889_vis.tab
78921,X,4.1,0.8,-1,-1,-1,-1,-999999,-999999,spectra/inner/clarissa/078921_vis.tab
79044,X,1.76,0.63,-1,-1,-1,-1,-999999,-999999,spectra/inner/erigone/079044_vis.tab
79610,C,0.4,0.8,1.82,0.07,0.724,0.0009,-999999,-999999,spectra/inner/sulamitis/079610_vis.tab
80062,C,-0.37,0.56,-1,-1,-1,-1,-999999,-999999,spectra/outer/lixiaohua/080062_vis_r.tab
80754,Ch,0.59,0.9,-1,-1,-1,-1,-999999,-999999,spectra/inner/klio/080754_vis.tab
80789,Cg,0.2,0.09,-1,-1,-1,-1,-999999,-999999,spectra/inner/polana/080789_vis.tab
80993,B,-0.53,0.03,-1,-1,-1,-1,-999999,-999999,spectra/inner/polana/080993_vis.tab
84536,C,0.8,0.8,-1,-1,-1,-1,-999999,-999999,spectra/inner/sulamitis/084536_vis.tab
85167,Cb,1.11,0.9,-1,-1,-1,-1,-999999,-999999,spectra/inner/klio/085167_vis.tab
85626,Cb,0.99,0.9,-1,-1,-1,-1,-999999,-999999,spectra/inner/chimaera/085626_vis.tab
86812,B,-1.61,0.9,2.62,0.15,0.733,0.003,-999999,-999999,spectra/inner/klio/086812_vis.tab
90975,Cb,0.96,0.14,-1,-1,-1,-1,-999999,-999999,spectra/inner/polana/090975_vis.tab
92634,C,0.7,0.8,-1,-1,-1,-1,-999999,-999999,spectra/inner/clarissa/092634_vis.tab
93347,B,-0.91,0.08,-1,-1,-1,-1,-999999,-999999,spectra/inner/polana/093347_vis.tab
95018,Ch,1.16,0.9,4.94,0.05,0.6901,0.0007,-999999,-999999,spectra/inner/chaldaea/095018_vis.tab
96405,B,-2.02,0.63,-1,-1,-1,-1,-999999,-999999,spectra/inner/erigone/096405_vis.tab
96463,Cb,2.49,0.65,-1,-1,-1,-1,-999999,-999999,spectra/inner/erigone/096463_vis.tab
96690,Cgh,1.4,0.8,1.39,0.03,0.7113,0.0007,-999999,-999999,spectra/inner/sulamitis/096690_vis.tab
96768,Cgh,0.23,0.62,3.41,0.19,0.6642,0.0041,-999999,-999999,spectra/inner/erigone/096768_vis.tab
96918,Xc,2.88,0.9,-1,-1,-1,-1,-999999,-999999,spectra/inner/chimaera/096918_vis.tab
98178,B,-2.4,0.8,-1,-1,-1,-1,-999999,-999999,spectra/inner/clarissa/098178_vis.tab
98246,X,3.4,0.9,-1,-1,-1,-1,-999999,-999999,spectra/inner/chimaera/098246_vis.tab
98345,Cg,-0.72,0.86,-1,-1,-1,-1,-999999,-999999,spectra/inner/erigone/098345_vis.tab
98391,Cgh,1.3,0.8,2.25,0.05,0.7158,0.0008,-999999,-999999,spectra/inner/sulamitis/098391_vis.tab
99691,B,-1.3,0.8,3.32,0.3,0.676,0.0021,-999999,-999999,spectra/inner/clarissa/099691_vis.tab
100784,B,-2.01,0.83,-1,-1,-1,-1,-999999,-999999,spectra/inner/erigone/100784_vis.tab
106085,T,5.28,1.02,-1,-1,-1,-1,-999999,-999999,spectra/outer/lixiaohua/106085_vis_r.tab
106794,T,5.55,0.8,3.52,0.45,0.7364,0.0202,-999999,-999999,spectra/inner/erigone/106794_vis.tab
106918,B,-1.1,0.8,-1,-1,-1,-1,-999999,-999999,spectra/inner/clarissa/106918_vis.tab
106919,C,1.1,0.8,5.95,0.25,0.7401,0.0023,-999999,-999999,spectra/inner/clarissa/106919_vis.tab
107032,Ch,2.36,0.9,2.87,0.06,0.685,0.002,-999999,-999999,spectra/inner/chimaera/107032_vis.tab
107742,B,-1.74,0.8,-1,-1,-1,-1,-999999,-999999,spectra/inner/erigone/107742_vis.tab
107861,Sq,-999999,-999999,-999999,-999999,-999999,-999999,-1,-1,spectra/outer/lixiaohua/107861_vis_b.tab
107861,Sq,2.67,0.53,-1,-1,-1,-1,-999999,-999999,spectra/outer/lixiaohua/107861_vis_r.tab
108631,X,2,0.8,1.49,0.05,0.704,0.001,-999999,-999999,spectra/inner/sulamitis/108631_vis.tab
109019,T,8.3,0.8,5.49,0.08,0.7061,0.0011,-999999,-999999,spectra/inner/sulamitis/109019_vis.tab
109030,Cg,0.32,0.12,-1,-1,-1,-1,-999999,-999999,spectra/inner/polana/109030_vis.tab
110518,Xc,3.39,0.55,-1,-1,-1,-1,-999999,-999999,spectra/outer/lixiaohua/110518_vis_r.tab
110819,Cg,-999999,-999999,-999999,-999999,-999999,-999999,-1,-1,spectra/outer/lixiaohua/110819_vis_b.tab
110819,Cg,1.54,0.53,-1,-1,-1,-1,-999999,-999999,spectra/outer/lixiaohua/110819_vis_r.tab
111789,Ch,2.24,0.64,3.32,0.11,0.7073,0.0032,-999999,-999999,spectra/inner/erigone/111789_vis.tab
112308,Cgh,1.81,0.9,5.5,0.3,0.709,0.002,-999999,-999999,spectra/inner/chimaera/112308_vis.tab
112414,C,0.3,0.8,-1,-1,-1,-1,-999999,-999999,spectra/inner/clarissa/112414_vis.tab
113374,C,1.6,0.8,2.42,0.17,0.6742,0.0014,-999999,-999999,spectra/inner/sulamitis/113374_vis.tab
114308,C,1.2,0.8,-1,-1,-1,-1,-999999,-999999,spectra/inner/sulamitis/114308_vis.tab
116717,C,1.3,0.8,4.03,0.11,0.6795,0.0012,-999999,-999999,spectra/inner/sulamitis/116717_vis.tab
117745,Ch,0.35,0.9,4.3,0.2,0.72,0.003,-999999,-999999,spectra/inner/chimaera/117745_vis.tab
119526,T,5.7,0.8,-1,-1,-1,-1,-999999,-999999,spectra/inner/sulamitis/119526_vis.tab
120190,Xc,2.69,0.12,-1,-1,-1,-1,-999999,-999999,spectra/inner/polana/120190_vis.tab
120384,Cg,-0.05,0.08,-1,-1,-1,-1,-999999,-999999,spectra/inner/polana/120384_vis.tab
120548,Ch,-0.92,0.9,2.95,0.05,0.7043,0.0006,-999999,-999999,spectra/inner/chaldaea/120548_vis.tab
121096,X,2.76,0.69,2.23,0.33,0.6853,0.025,-999999,-999999,spectra/inner/erigone/121096_vis.tab
122109,B,-1.6,0.8,5.28,0.14,0.7143,0.0018,-999999,-999999,spectra/inner/sulamitis/122109_vis.tab
122596,D,12.89,0.9,-1,-1,-1,-1,-999999,-999999,spectra/inner/chimaera/122596_vis.tab
122871,C,1.3,0.8,1.06,0.03,0.7126,0.0007,-999999,-999999,spectra/inner/sulamitis/122871_vis.tab
123915,Cg,-999999,-999999,-999999,-999999,-999999,-999999,-1,-1,spectra/outer/lixiaohua/123915_vis_b.tab
123915,Cg,1.52,0.9,-1,-1,-1,-1,-999999,-999999,spectra/outer/lixiaohua/123915_vis_r.tab
123979,X,-999999,-999999,-999999,-999999,-999999,-999999,-1,-1,spectra/outer/lixiaohua/123979_vis_b.tab
123979,X,11.07,1.35,-1,-1,-1,-1,-999999,-999999,spectra/outer/lixiaohua/123979_vis_r.tab
126046,Cb,1.02,0.15,-1,-1,-1,-1,-999999,-999999,spectra/inner/polana/126046_vis.tab
129818,Cb,1.45,1.08,-1,-1,-1,-1,-999999,-999999,spectra/inner/erigone/129818_vis.tab
131119,C,-0.32,0.9,-1,-1,-1,-1,-999999,-999999,spectra/inner/chimaera/131119_vis.tab
132056,Ch,0.48,0.65,4.2,0.24,0.7108,0.0063,-999999,-999999,spectra/inner/erigone/132056_vis.tab
132091,B,-0.54,0.15,-1,-1,-1,-1,-999999,-999999,spectra/inner/polana/132091_vis.tab
132248,X,2.5,0.8,-1,-1,-1,-1,-999999,-999999,spectra/inner/clarissa/132248_vis.tab
132352,B,-3.44,0.9,-1,-1,-1,-1,-999999,-999999,spectra/inner/svea/132352_vis.tab
132509,X,3.74,0.9,-1,-1,-1,-1,-999999,-999999,spectra/inner/chaldaea/132509_vis.tab
133123,B,-0.58,0.71,4.28,0.36,0.7282,0.0137,-999999,-999999,spectra/inner/erigone/133123_vis.tab
133197,T,3.92,0.67,-1,-1,-1,-1,-999999,-999999,spectra/inner/erigone/133197_vis.tab
133503,Cgh,1.15,0.63,2.83,0.27,0.6898,0.0076,-999999,-999999,spectra/inner/erigone/133503_vis.tab
135384,Cg,1.66,0.55,-1,-1,-1,-1,-999999,-999999,spectra/outer/lixiaohua/135384_vis_r.tab
137397,Ch,0.92,0.62,2.67,0.14,0.674,0.0046,-999999,-999999,spectra/inner/erigone/137397_vis.tab
138668,Xk,1.6,0.75,-1,-1,-1,-1,-999999,-999999,spectra/outer/lixiaohua/138668_vis_r.tab
142282,D,7.5,0.9,-1,-1,-1,-1,-999999,-999999,spectra/inner/chimaera/142282_vis.tab
142297,T,5.3,0.8,-1,-1,-1,-1,-999999,-999999,spectra/inner/sulamitis/142297_vis.tab
142751,C,-0.5,0.8,-1,-1,-1,-1,-999999,-999999,spectra/inner/clarissa/142751_vis.tab
147241,Ch,1,0.8,2.56,0.06,0.7165,0.0006,-999999,-999999,spectra/inner/sulamitis/147241_vis.tab
147535,C,0.88,0.03,-1,-1,-1,-1,-999999,-999999,spectra/inner/polana/147535_vis.tab
147777,X,3.1,0.8,-1,-1,-1,-1,-999999,-999999,spectra/inner/sulamitis/147777_vis.tab
148658,C,0.5,0.8,-1,-1,-1,-1,-999999,-999999,spectra/inner/sulamitis/148658_vis.tab
149396,C,1.4,0.8,-1,-1,-1,-1,-999999,-999999,spectra/inner/sulamitis/149396_vis.tab
151019,C,1.1,0.8,4.66,0.18,0.6803,0.0029,-999999,-999999,spectra/inner/sulamitis/151019_vis.tab
153694,X,2.3,0.37,-1,-1,-1,-1,-999999,-999999,spectra/inner/polana/153694_vis.tab
155162,C,0.3,0.8,-1,-1,-1,-1,-999999,-999999,spectra/inner/sulamitis/155162_vis.tab
156670,B,-3.39,0.87,-999999,-999999,-999999,-999999,0.5088,0.0042,spectra/outer/lixiaohua/156670_vis_b.tab
156670,B,-3.39,0.87,-1,-1,-1,-1,-999999,-999999,spectra/outer/lixiaohua/156670_vis_r.tab
161079,Xe,-999999,-999999,-999999,-999999,-999999,-999999,-1,-1,spectra/outer/lixiaohua/161079_vis_b.tab
161079,Xe,3.86,0.86,-1,-1,-1,-1,-999999,-999999,spectra/outer/lixiaohua/161079_vis_r.tab
162755,X,2.4,0.8,-1,-1,-1,-1,-999999,-999999,spectra/inner/sulamitis/162755_vis.tab
162795,T,2.93,0.65,-1,-1,-1,-1,-999999,-999999,spectra/inner/erigone/162795_vis.tab
164286,C,1.1,0.8,-1,-1,-1,-1,-999999,-999999,spectra/inner/sulamitis/164286_vis.tab
165403,B,-1.45,0.9,-1,-1,-1,-1,-999999,-999999,spectra/inner/svea/165403_vis.tab
165536,Cgh,2.38,0.61,1.44,0.1,0.7102,0.0053,-999999,-999999,spectra/inner/erigone/165536_vis.tab
166264,Xk,2.86,0.78,-1,-1,-1,-1,-999999,-999999,spectra/inner/erigone/166264_vis.tab
168936,C,1.7,0.8,-1,-1,-1,-1,-999999,-999999,spectra/inner/clarissa/168936_vis.tab
169066,X,4.5,0.7,3.08,0.32,0.6974,0.0059,-999999,-999999,spectra/inner/erigone/169066_vis.tab
169633,Cg,-0.64,0.9,-1,-1,-1,-1,-999999,-999999,spectra/inner/chimaera/169633_vis.tab
170184,Xk,1.11,0.72,-1,-1,-1,-1,-999999,-999999,spectra/inner/erigone/170184_vis.tab
171027,B,-1.4,0.8,-1,-1,-1,-1,-999999,-999999,spectra/inner/clarissa/171027_vis.tab
172478,B,-1.4,0.8,-1,-1,-1,-1,-999999,-999999,spectra/inner/clarissa/172478_vis.tab
173129,Cb,1.41,0.9,-1,-1,-1,-1,-999999,-999999,spectra/inner/svea/173129_vis.tab
173657,C,2,0.8,-1,-1,-1,-1,-999999,-999999,spectra/inner/clarissa/173657_vis.tab
174120,T,4.84,0.9,-1,-1,-1,-1,-999999,-999999,spectra/inner/chimaera/174120_vis.tab
174594,Ch,2.41,0.64,2.09,0.16,0.7051,0.0046,-999999,-999999,spectra/inner/erigone/174594_vis.tab
175194,Ch,-0.65,0.9,-1,-1,-1,-1,-999999,-999999,spectra/inner/chimaera/175194_vis.tab
175811,Cgh,0.61,0.61,2.36,0.07,0.7093,0.0031,-999999,-999999,spectra/inner/erigone/175811_vis.tab
177258,B,-1.41,0.81,-1,-1,-1,-1,-999999,-999999,spectra/inner/erigone/177258_vis.tab
178844,Cgh,1.29,0.62,2.52,0.13,0.7058,0.0042,-999999,-999999,spectra/inner/erigone/178844_vis.tab
180349,C,-0.3,0.8,-1,-1,-1,-1,-999999,-999999,spectra/inner/clarissa/180349_vis.tab
183911,X,3.5,0.8,-1,-1,-1,-1,-999999,-999999,spectra/inner/clarissa/183911_vis.tab
186446,Ch,1.1,1.08,6.06,0.74,0.7081,0.0026,-999999,-999999,spectra/inner/erigone/186446_vis.tab
186530,B,-3.2,0.8,-1,-1,-1,-1,-999999,-999999,spectra/inner/clarissa/186530_vis.tab
186714,Cgh,3.25,0.68,5.5,0.29,0.7145,0.0066,-999999,-999999,spectra/inner/erigone/186714_vis.tab
203141,Cgh,1.6,0.8,3.26,0.09,0.7249,0.001,-999999,-999999,spectra/inner/sulamitis/203141_vis.tab
203620,C,0.7,0.8,-1,-1,-1,-1,-999999,-999999,spectra/inner/clarissa/203620_vis.tab
206344,B,-4.4,0.8,-1,-1,-1,-1,-999999,-999999,spectra/inner/clarissa/206344_vis.tab
208039,Xe,2.65,0.9,-1,-1,-1,-1,-999999,-999999,spectra/inner/svea/208039_vis.tab
208048,T,5.74,0.64,-1,-1,-1,-1,-999999,-999999,spectra/inner/erigone/208048_vis.tab
208724,X,2.8,0.8,-1,-1,-1,-1,-999999,-999999,spectra/inner/clarissa/208724_vis.tab
210564,X,7.22,0.78,9.14,0.58,0.7009,0.0024,-999999,-999999,spectra/inner/erigone/210564_vis.tab
212417,Cb,2.03,0.9,2.7,0.12,0.67,0.004,-999999,-999999,spectra/inner/chimaera/212417_vis.tab
213825,Cgh,0.93,0.61,2.42,0.13,0.7019,0.0048,-999999,-999999,spectra/inner/erigone/213825_vis.tab
217593,B,-0.6,0.8,-1,-1,-1,-1,-999999,-999999,spectra/inner/clarissa/217593_vis.tab
232922,Ch,-0.23,0.61,1.5,0.06,0.7109,0.0028,-999999,-999999,spectra/inner/erigone/232922_vis.tab
237295,C,1.7,0.8,-1,-1,-1,-1,-999999,-999999,spectra/inner/clarissa/237295_vis.tab
238992,C,0.5,0.8,-1,-1,-1,-1,-999999,-999999,spectra/inner/clarissa/238992_vis.tab
242324,Ch,2.3,0.64,2.81,0.29,0.742,0.0087,-999999,-999999,spectra/inner/erigone/242324_vis.tab
243648,X,6.2,0.62,1.85,0.17,0.6957,0.0093,-999999,-999999,spectra/inner/erigone/243648_vis.tab
246226,B,-2.3,0.8,-1,-1,-1,-1,-999999,-999999,spectra/inner/clarissa/246226_vis.tab
249089,C,-0.34,0.9,-1,-1,-1,-1,-999999,-999999,spectra/inner/svea/249089_vis.tab
249427,C,1,0.8,-1,-1,-1,-1,-999999,-999999,spectra/inner/clarissa/249427_vis.tab
250431,T,6.59,0.97,-1,-1,-1,-1,-999999,-999999,spectra/inner/erigone/250431_vis.tab
251796,X,1.43,0.68,-1,-1,-1,-1,-999999,-999999,spectra/inner/erigone/251796_vis.tab
252953,Ch,1.17,0.64,4.6,0.21,0.7127,0.0087,-999999,-999999,spectra/inner/erigone/252953_vis.tab
253538,B,-2.79,0.92,6.49,0.78,0.7199,0.0118,-999999,-999999,spectra/inner/erigone/253538_vis.tab
253798,Ch,0.65,0.62,2.42,0.12,0.6755,0.0042,-999999,-999999,spectra/inner/erigone/253798_vis.tab
255959,X,4.7,0.8,-1,-1,-1,-1,-999999,-999999,spectra/inner/clarissa/255959_vis.tab
256789,X,4.01,0.65,-1,-1,-1,-1,-999999,-999999,spectra/inner/erigone/256789_vis.tab
262102,Ch,2.85,0.7,4.21,0.28,0.6816,0.0134,-999999,-999999,spectra/inner/erigone/262102_vis.tab
262642,C,-0.2,0.8,-1,-1,-1,-1,-999999,-999999,spectra/inner/sulamitis/262642_vis.tab
265259,X,2.8,0.71,-1,-1,-1,-1,-999999,-999999,spectra/inner/erigone/265259_vis.tab
300289,C,0.1,0.8,-1,-1,-1,-1,-999999,-999999,spectra/inner/clarissa/300289_vis.tab
304858,C,0.8,0.8,-1,-1,-1,-1,-999999,-999999,spectra/inner/clarissa/304858_vis.tab
320575,B,-0.6,0.8,-1,-1,-1,-1,-999999,-999999,spectra/inner/clarissa/320575_vis.tab
325852,B,-2.6,0.8,1.6,0.07,0.721,0.0017,-999999,-999999,spectra/inner/clarissa/325852_vis.tab
332038,Ch,-0.5,0.9,2.96,0.09,0.726,0.002,-999999,-999999,spectra/inner/chaldaea/332038_vis.tab
334314,Ch,0.2,0.9,3.28,0.12,0.723,0.003,-999999,-999999,spectra/inner/chaldaea/334314_vis.tab
362332,B,-2.48,0.9,-1,-1,-1,-1,-999999,-999999,spectra/inner/svea/362332_vis.tab
364204,B,-2.04,0.9,-1,-1,-1,-1,-999999,-999999,spectra/inner/svea/364204_vis.tab
